Accuracy,F1_Scores
0.33333333333333337,0.16666666666666669
0.33333333333333337,0.16666666666666669
0.34,0.17865497076023393
0.3466666666666667,0.19064327485380117
0.33333333333333337,0.16754385964912283
0.3466666666666667,0.19064327485380117
0.33999999999999997,0.1786549707602339
0.3533333333333334,0.20201893622946257
0.34,0.17865497076023393
0.3466666666666667,0.19064327485380117
0.3466666666666667,0.19064327485380117
0.37333333333333335,0.2305727554179567
0.34,0.17865497076023393
0.3466666666666667,0.19064327485380117
0.3466666666666667,0.19064327485380117
0.34,0.17865497076023393
0.3466666666666667,0.19064327485380117
0.3533333333333334,0.20350877192982458
0.35333333333333333,0.19955444165970482
0.3466666666666667,0.1884433305485937
0.34,0.17865497076023393
0.3466666666666667,0.1900306321358953
0.3466666666666667,0.1915204678362573
0.3466666666666667,0.19152046783625729
0.34,0.17865497076023393
0.3466666666666667,0.19003063213589527
0.34,0.17953216374269004
0.35333333333333333,0.20350877192982458
0.3466666666666667,0.19064327485380117
0.33999999999999997,0.1786549707602339
