KL Divergence,Models
3.232238786943816,IQC
2.411486697577223,IQC_Angle
2.411486697577223,IQCpQ
3.232238786943816,IQCNDsE
3.232238786943816,IQC_AIL
