KL Divergence,Models
2.411486697577223,IQC
1.0776494966187868,IQC_Angle
1.7017179686039563,IQCpQ
2.411486697577223,IQCNDsE
2.411486697577223,IQC_AIL
