Accuracy,F1_Scores
0.33333333333333337,0.16666666666666669
