Accuracy,F1_Scores
0.48666666666666664,0.38271604938271603
