Modelo,Max_Accuracy,Max_F1_Scores
IQCNDsE_Coluna,0.5,0.4101351219745053
IQCNDsE_Linha,0.5033333333333333,0.4186951321097114
IQCpQ_tgt2_Coluna,0.5033333333333333,0.3826935895726011
IQCpQ_tgt2_Linha,0.5,0.3732297134654282
IQC_AIL_Coluna,0.5,0.4310883546659774
IQC_AIL_Linha,0.49,0.409718496454014
IQC_Angle_Coluna,0.5,0.3333333333333333
IQC_Angle_Linha,0.5,0.3333333333333333
IQC_Coluna,0.5,0.4310883546659774
IQC_Linha,0.49,0.409718496454014
