Modelo,Max_Accuracy,F1_Score_Correspondente
IQCNDsE_Linha,0.5033333333333333,0.4184513796002885
IQCpQ_tgt2_Coluna,0.5033333333333333,0.3826935895726011
IQCNDsE_Coluna,0.5,0.4019744916390709
IQCpQ_tgt2_Linha,0.5,0.3732297134654282
IQC_AIL_Coluna,0.5,0.4310883546659774
IQC_Angle_Coluna,0.5,0.3333333333333333
IQC_Coluna,0.5,0.4310883546659774
IQC_Angle_Linha,0.5,0.3333333333333333
IQC_AIL_Linha,0.49,0.3698870946543697
IQC_Linha,0.49,0.3698870946543697
